ID,Name,League,LeagueId,Overall,Attack,Midfield,Defence,TransferBudget,DomesticPrestige,IntPrestige,Players,StartingAverageAge,AllTeamAverageAge
1,Arsenal,English Premier League (1),13,81,84,81,77,80000000,7,7,33,26.9,24.8
2,Aston Villa,English Premier League (1),13,76,76,76,74,37500000,2,2,32,24.4,25.0
1808,Brighton & Hove Albion,English Premier League (1),13,76,77,74,74,36000000,2,1,33,24.6,23.7
1796,Burnley,English Premier League (1),13,76,77,76,76,27000000,3,1,33,28.1,25.1
5,Chelsea,English Premier League (1),13,82,85,82,81,85000000,8,7,33,25.0,25.1
1799,Crystal Palace,English Premier League (1),13,77,79,76,74,30000000,3,2,33,28.6,26.7
7,Everton,English Premier League (1),13,79,80,78,79,51000000,6,5,33,26.4,25.0
144,Fulham,English Premier League (1),13,75,77,74,73,16500000,9,1,33,26.6,25.4
8,Leeds United,English Premier League (1),13,74,77,75,74,16500000,9,1,33,27.0,24.2
95,Leicester City,English Premier League (1),13,79,81,79,79,45000000,6,6,33,25.9,25.7
9,Liverpool,English Premier League (1),13,85,89,84,86,90000000,9,10,33,26.7,24.6
10,Manchester City,English Premier League (1),13,85,86,86,83,176000000,10,9,33,27.0,24.1
11,Manchester United,English Premier League (1),13,82,84,82,82,177000000,8,7,33,24.9,25.2
13,Newcastle United,English Premier League (1),13,77,76,77,76,30000000,4,3,33,27.2,25.8
1794,Sheffield United,English Premier League (1),13,75,74,77,75,20000000,2,1,32,27.4,25.1
17,Southampton,English Premier League (1),13,76,77,76,76,35000000,4,3,31,27.3,24.3
18,Tottenham Hotspur,English Premier League (1),13,82,85,82,81,75000000,8,7,33,26.6,24.9
109,West Bromwich Albion,English Premier League (1),13,73,72,73,73,18400000,9,1,32,26.0,25.6
19,West Ham United,English Premier League (1),13,78,79,78,77,35000000,4,4,33,26.9,24.9
110,Wolverhampton Wanderers,English Premier League (1),13,78,78,82,78,45000000,5,4,33,27.2,23.7
69,AS Monaco,French Ligue 1 (1),16,77,80,75,75,34600000,8,6,31,25.3,23.2
1819,AS Saint-Étienne,French Ligue 1 (1),16,73,76,71,72,12500000,6,3,33,26.0,23.6
1530,Angers SCO,French Ligue 1 (1),16,74,73,74,73,5600000,4,1,33,27.9,25.6
110569,Dijon FCO,French Ligue 1 (1),16,71,74,71,71,4600000,2,1,28,25.7,23.8
59,FC Girondins de Bordeaux,French Ligue 1 (1),16,74,73,74,75,10400000,6,3,27,27.4,24.9
217,FC Lorient,French Ligue 1 (1),16,70,70,69,70,5200000,8,1,31,25.7,25.7
68,FC Metz,French Ligue 1 (1),16,72,71,72,72,5900000,1,1,29,25.9,24.4
71,FC Nantes,French Ligue 1 (1),16,74,66,73,74,8800000,5,2,32,24.8,23.9
65,LOSC Lille,French Ligue 1 (1),16,77,77,77,75,14000000,7,4,31,24.9,23.1
70,Montpellier HSC,French Ligue 1 (1),16,74,77,75,74,8800000,6,2,27,29.4,25.7
224,Nîmes Olympique,French Ligue 1 (1),16,72,67,73,72,4800000,3,1,30,25.4,24.3
72,OGC Nice,French Ligue 1 (1),16,75,75,74,75,10400000,7,3,26,25.2,22.7
66,Olympique Lyonnais,French Ligue 1 (1),16,77,81,77,76,43900000,8,6,25,25.3,23.4
219,Olympique de Marseille,French Ligue 1 (1),16,78,78,78,77,14000000,8,5,33,27.6,24.4
73,Paris Saint-Germain,French Ligue 1 (1),16,83,86,82,79,130000000,10,9,30,27.0,25.2
76,RC Strasbourg Alsace,French Ligue 1 (1),16,74,74,74,74,8100000,4,1,26,24.9,25.7
64,Racing Club de Lens,French Ligue 1 (1),16,72,72,72,70,7800000,9,1,33,26.8,23.9
378,Stade Brestois 29,French Ligue 1 (1),16,72,71,68,71,5900000,1,1,29,24.4,24.4
74,Stade Rennais FC,French Ligue 1 (1),16,76,74,77,76,12200000,7,3,31,24.6,23.6
379,Stade de Reims,French Ligue 1 (1),16,73,70,72,74,7000000,5,1,29,24.3,22.3
31,1. FC Köln,German 1. Bundesliga (1),19,74,75,74,72,12500000,4,3,31,25.6,24.3
1831,1. FC Union Berlin,German 1. Bundesliga (1),19,73,73,72,72,6500000,2,1,28,27.3,25.8
169,1. FSV Mainz 05,German 1. Bundesliga (1),19,74,75,73,74,9200000,4,3,32,25.4,23.7
32,Bayer 04 Leverkusen,German 1. Bundesliga (1),19,79,78,78,79,39000000,7,6,28,25.6,24.5
22,Borussia Dortmund,German 1. Bundesliga (1),19,82,85,81,81,60000000,9,8,30,25.6,24.2
23,Borussia Mönchengladbach,German 1. Bundesliga (1),19,79,78,79,79,25000000,7,5,33,26.4,24.8
159,DSC Arminia Bielefeld,German 1. Bundesliga (1),19,72,72,71,70,2300000,1,1,28,25.4,24.6
1824,Eintracht Frankfurt,German 1. Bundesliga (1),19,77,78,76,77,25000000,6,5,31,28.1,24.8
100409,FC Augsburg,German 1. Bundesliga (1),19,74,76,74,73,9500000,4,3,30,26.6,25.2
21,FC Bayern München,German 1. Bundesliga (1),19,84,91,85,82,100000000,10,10,23,26.8,25.8
34,FC Schalke 04,German 1. Bundesliga (1),19,76,75,77,76,20000000,6,5,29,26.2,24.6
166,Hertha BSC,German 1. Bundesliga (1),19,76,77,76,75,60000000,6,4,33,25.4,23.4
112172,RB Leipzig,German 1. Bundesliga (1),19,80,77,80,80,50000000,8,7,30,24.4,22.9
25,SC Freiburg,German 1. Bundesliga (1),19,74,73,74,75,10500000,3,3,27,26.3,24.9
38,SV Werder Bremen,German 1. Bundesliga (1),19,74,73,75,74,12000000,5,3,31,26.4,23.7
10029,TSG 1899 Hoffenheim,German 1. Bundesliga (1),19,77,77,75,76,28000000,6,5,33,26.4,24.9
36,VfB Stuttgart,German 1. Bundesliga (1),19,72,73,72,72,20000000,3,4,33,24.4,23.0
175,VfL Wolfsburg,German 1. Bundesliga (1),19,77,77,77,77,40000000,6,5,32,26.4,24.7
39,Atalanta,Italian Serie A (1),31,79,83,79,77,28000000,6,3,29,28.0,25.8
112026,Benevento,Italian Serie A (1),31,72,72,72,72,5600000,1,1,30,27.4,28.0
189,Bologna,Italian Serie A (1),31,74,75,75,73,15000000,4,2,30,29.6,25.4
1842,Cagliari,Italian Serie A (1),31,75,73,74,74,10000000,4,1,33,26.6,25.2
110734,Crotone,Italian Serie A (1),31,70,69,67,70,4500000,1,1,30,29.4,26.4
110374,Fiorentina,Italian Serie A (1),31,76,78,77,76,25000000,6,5,30,27.6,25.0
110556,Genoa,Italian Serie A (1),31,74,72,74,74,8500000,3,2,33,28.7,27.1
206,Hellas Verona,Italian Serie A (1),31,73,75,74,69,8000000,3,1,32,27.4,25.3
44,Inter,Italian Serie A (1),31,82,84,82,81,99500000,9,7,26,26.9,27.8
45,Juventus,Italian Serie A (1),31,83,87,80,84,105000000,10,10,28,28.6,26.3
46,Lazio,Italian Serie A (1),31,80,82,81,78,39000000,7,6,32,27.8,27.2
47,Milan,Italian Serie A (1),31,78,83,77,78,37000000,7,7,27,25.6,24.0
48,Napoli,Italian Serie A (1),31,81,81,82,80,56000000,9,7,26,26.4,26.7
50,Parma,Italian Serie A (1),31,74,75,74,72,8000000,4,2,33,29.7,26.6
52,Roma,Italian Serie A (1),31,78,80,77,76,46000000,8,7,26,26.7,26.3
1837,Sampdoria,Italian Serie A (1),31,74,77,74,72,12000000,4,3,25,28.4,26.5
111974,Sassuolo,Italian Serie A (1),31,75,77,76,72,13500000,4,3,29,26.9,25.8
110741,Spezia,Italian Serie A (1),31,70,66,70,68,2800000,6,1,33,25.6,25.4
54,Torino,Italian Serie A (1),31,76,78,75,76,15500000,5,4,33,28.1,24.9
55,Udinese,Italian Serie A (1),31,74,74,75,72,8000000,4,3,32,27.6,26.0
448,Athletic Club de Bilbao,Spain Primera Division (1),53,79,78,79,80,18500000,6,6,31,26.9,25.1
240,Atlético Madrid,Spain Primera Division (1),53,83,84,82,82,68600000,9,9,32,26.8,24.4
479,CA Osasuna,Spain Primera Division (1),53,76,76,76,75,4800000,7,1,33,27.9,26.4
1968,Cádiz CF,Spain Primera Division (1),53,72,73,73,71,2000000,5,1,33,29.3,26.7
463,Deportivo Alavés,Spain Primera Division (1),53,76,77,74,76,4400000,3,1,31,28.4,25.7
468,Elche CF,Spain Primera Division (1),53,73,70,72,71,1700000,2,1,33,28.0,25.6
241,FC Barcelona,Spain Primera Division (1),53,84,84,85,83,180500000,10,10,33,27.8,24.2
1860,Getafe CF,Spain Primera Division (1),53,77,76,77,78,8300000,5,3,31,27.0,25.1
110832,Granada CF,Spain Primera Division (1),53,76,77,76,77,7600000,7,1,33,26.7,25.7
1853,Levante UD,Spain Primera Division (1),53,76,78,77,75,9300000,3,1,33,28.4,26.1
450,RC Celta,Spain Primera Division (1),53,76,78,74,76,11800000,5,4,33,27.0,23.9
449,Real Betis,Spain Primera Division (1),53,78,76,79,78,16100000,5,2,33,28.4,25.9
243,Real Madrid,Spain Primera Division (1),53,85,84,86,85,188500000,10,10,30,27.6,25.0
457,Real Sociedad,Spain Primera Division (1),53,79,81,81,76,15800000,5,3,32,25.7,24.3
462,Real Valladolid CF,Spain Primera Division (1),53,76,77,75,74,3100000,2,1,33,28.3,26.0
467,SD Eibar,Spain Primera Division (1),53,76,76,76,74,6500000,4,1,29,29.4,27.0
110839,SD Huesca,Spain Primera Division (1),53,73,72,73,74,2100000,2,1,29,29.6,26.2
481,Sevilla FC,Spain Primera Division (1),53,80,80,80,81,34500000,7,7,28,28.8,26.3
461,Valencia CF,Spain Primera Division (1),53,78,78,77,78,60000000,8,6,33,26.2,23.7
483,Villarreal CF,Spain Primera Division (1),53,80,82,79,79,32900000,8,7,33,27.6,25.2
111019,Argentinos Juniors,Argentina Primera División  (1),353,71,72,68,71,2800000,6,5,28,28.6,26.0
110394,Arsenal de Sarandí,Argentina Primera División  (1),353,67,65,68,67,2100000,3,5,24,27.9,25.8
111708,Atlético Tucumán,Argentina Primera División  (1),353,68,68,68,69,2900000,6,3,23,31.3,26.5
1877,Boca Juniors,Argentina Primera División  (1),353,76,75,74,76,30000000,10,9,28,28.4,26.4
112965,Central Córdoba,Argentina Primera División  (1),353,67,71,67,66,2100000,1,1,28,29.9,27.8
111707,Club Atlético Aldosivi,Argentina Primera División  (1),353,67,65,66,69,500000,1,1,28,28.6,26.0
110404,Club Atlético Banfield,Argentina Primera División  (1),353,70,68,71,68,4099999,5,4,28,27.4,26.0
110406,Club Atlético Colón,Argentina Primera División  (1),353,71,72,70,71,4000000,5,3,28,29.6,25.5
111711,Club Atlético Huracán,Argentina Primera División  (1),353,65,65,63,66,4800000,7,4,28,25.7,23.2
110395,Club Atlético Lanús,Argentina Primera División  (1),353,71,73,71,70,7500000,8,7,28,27.6,23.6
112670,Club Atlético Talleres,Argentina Primera División  (1),353,67,62,67,69,5200000,6,4,24,25.3,23.7
111710,Defensa y Justicia,Argentina Primera División  (1),353,71,71,70,71,3200000,6,2,28,26.4,24.8
101083,Estudiantes de La Plata,Argentina Primera División  (1),353,71,70,74,69,5000000,7,7,28,27.8,24.8
101084,Gimnasia y Esgrima La Plata,Argentina Primera División  (1),353,68,70,68,69,3200000,2,3,28,28.8,25.9
111706,Godoy Cruz,Argentina Primera División  (1),353,67,70,66,67,5000000,4,4,28,23.6,23.9
110093,Independiente,Argentina Primera División  (1),353,71,70,71,72,12000000,9,8,28,26.4,24.0
110396,Newell's Old Boys,Argentina Primera División  (1),353,70,73,69,69,4000000,7,6,27,30.8,26.1
110581,Patronato,Argentina Primera División  (1),353,66,67,66,67,1700000,2,1,28,28.2,26.6
101085,Racing Club,Argentina Primera División  (1),353,75,71,76,75,9500000,9,7,28,29.1,27.2
1876,River Plate,Argentina Primera División  (1),353,76,77,75,76,15500000,10,9,28,28.4,26.8
110580,Rosario Central,Argentina Primera División  (1),353,69,66,70,70,5000000,7,5,28,29.0,24.5
1013,San Lorenzo de Almagro,Argentina Primera División  (1),353,73,72,73,73,8500000,9,8,28,31.1,26.3
111716,Unión de Santa Fe,Argentina Primera División  (1),353,69,70,69,69,3000000,3,1,28,28.1,24.5
101088,Vélez Sarsfield,Argentina Primera División  (1),353,72,74,71,71,5300000,8,7,28,26.4,24.9
111715,Club Atlético Tigre,Argentinian Primera B Nacional (2),2002,65,63,64,62,3500000,4,3,30,26.8,26.8
111393,Adelaide United,Australian Hyundai A-League (1),351,61,60,63,63,2000000,4,3,18,24.7,24.2
111395,Brisbane Roar,Australian Hyundai A-League (1),351,60,61,56,62,2000000,6,4,18,27.7,25.2
111396,Central Coast Mariners,Australian Hyundai A-League (1),351,59,58,59,59,2000000,1,3,18,24.3,23.9
114604,Macarthur FC,Australian Hyundai A-League (1),351,61,62,61,60,2000000,1,1,19,29.2,27.1
112224,Melbourne City FC,Australian Hyundai A-League (1),351,64,68,63,65,2000000,8,3,21,26.9,24.3
111397,Melbourne Victory,Australian Hyundai A-League (1),351,59,56,59,62,2000000,9,5,18,23.4,23.3
111398,Newcastle Jets,Australian Hyundai A-League (1),351,62,62,64,62,2000000,3,1,22,28.4,25.1
111399,Perth Glory,Australian Hyundai A-League (1),351,63,70,60,63,2000000,5,2,18,28.9,26.6
111400,Sydney FC,Australian Hyundai A-League (1),351,66,67,68,65,2000000,10,5,23,31.3,26.1
111766,Wellington Phoenix,Australian Hyundai A-League (1),351,63,59,65,62,2000000,3,1,20,25.6,23.7
112427,Western Sydney Wanderers,Australian Hyundai A-League (1),351,62,63,64,60,2000000,7,5,23,27.4,24.3
114023,Western United FC,Australian Hyundai A-League (1),351,64,67,65,62,2000000,1,1,24,29.4,25.2
111821,FC Admira Wacker Mödling,Austrian Football Bundesliga (1),80,64,62,64,63,2900000,2,1,27,24.9,23.8
191,FC Red Bull Salzburg,Austrian Football Bundesliga (1),80,73,73,73,73,20700000,10,6,27,23.4,22.9
256,FK Austria Wien,Austrian Football Bundesliga (1),80,68,69,67,68,7700000,6,5,26,26.0,24.5
252,LASK Linz,Austrian Football Bundesliga (1),80,70,70,70,71,6900000,9,5,27,26.2,24.7
15009,SCR Altach,Austrian Football Bundesliga (1),80,65,65,66,65,2900000,4,2,25,26.6,24.8
254,SK Rapid Wien,Austrian Football Bundesliga (1),80,69,69,68,68,5200000,8,5,27,22.9,24.2
209,SK Sturm Graz,Austrian Football Bundesliga (1),80,67,66,68,66,5200000,7,4,25,25.6,23.4
112075,SKN St. Pölten,Austrian Football Bundesliga (1),80,64,64,64,64,2700000,3,1,26,24.0,23.4
780,SV Ried,Austrian Football Bundesliga (1),80,65,64,65,65,3300000,3,1,26,26.0,24.5
2017,TSV Hartberg,Austrian Football Bundesliga (1),80,66,69,65,65,2500000,2,1,27,28.2,25.5
15040,WSG Tirol,Austrian Football Bundesliga (1),80,64,65,63,64,2900000,1,1,27,24.7,23.8
111822,Wolfsberger AC,Austrian Football Bundesliga (1),80,67,67,66,66,4400000,5,4,24,25.7,25.0
675,Beerschot AC,Belgian Jupiler Pro League (1),4,68,68,68,67,5000000,3,1,25,27.3,25.5
231,Club Brugge KV,Belgian Jupiler Pro League (1),4,75,73,76,75,25900000,10,5,28,26.4,23.2
674,KAA Gent,Belgian Jupiler Pro League (1),4,73,74,74,73,15800000,9,5,28,27.3,25.1
2013,KAS Eupen,Belgian Jupiler Pro League (1),4,69,68,69,70,3600000,2,1,28,27.6,25.8
673,KRC Genk,Belgian Jupiler Pro League (1),4,73,73,70,73,17400000,8,5,25,24.9,23.0
1750,KSV Cercle Brugge,Belgian Jupiler Pro League (1),4,67,66,68,66,5400000,1,2,28,24.2,22.9
100081,KV Kortrijk,Belgian Jupiler Pro League (1),4,69,70,69,69,4500000,4,2,26,27.6,24.8
110724,KV Mechelen,Belgian Jupiler Pro League (1),4,69,70,69,68,4800000,5,4,28,25.1,23.8
682,KV Oostende,Belgian Jupiler Pro League (1),4,67,67,67,65,3900000,2,1,28,24.2,23.6
100087,Oud-Heverlee Leuven,Belgian Jupiler Pro League (1),4,68,69,68,67,6000000,4,1,28,26.0,26.5
229,RSC Anderlecht,Belgian Jupiler Pro League (1),4,72,69,72,71,14300000,9,5,28,24.0,22.5
230,Royal Antwerp FC,Belgian Jupiler Pro League (1),4,72,75,71,71,20800000,8,5,28,27.8,25.5
111560,Royal Excel Mouscron,Belgian Jupiler Pro League (1),4,68,70,66,67,3800000,2,1,28,24.3,23.9
15005,SV Zulte-Waregem,Belgian Jupiler Pro League (1),4,69,70,68,67,6000000,5,4,24,27.4,24.8
680,Sint-Truidense VV,Belgian Jupiler Pro League (1),4,68,69,68,67,4800000,5,3,28,24.3,23.8
670,Sporting de Charleroi,Belgian Jupiler Pro League (1),4,71,71,72,69,6500000,5,4,27,28.4,25.9
232,Standard de Liège,Belgian Jupiler Pro League (1),4,72,72,72,72,12700000,8,5,28,25.1,24.5
110913,Waasland-Beveren,Belgian Jupiler Pro League (1),4,67,68,66,66,2900000,1,1,28,23.9,23.5
112119,Atlético Clube Goianiense,Campeonato Brasileiro Série A (1),7,71,70,71,73,810000,2,2,20,24.0,24.0
1035,Atlético Mineiro,Campeonato Brasileiro Série A (1),7,74,74,74,74,19000000,7,7,20,25.4,24.6
1598,Bahia,Campeonato Brasileiro Série A (1),7,71,69,71,71,3600000,4,3,20,23.3,24.8
517,Botafogo,Campeonato Brasileiro Série A (1),7,72,71,71,71,4300000,6,4,20,25.8,25.2
111059,Ceará Sporting Club,Campeonato Brasileiro Série A (1),7,69,66,69,70,1800000,2,2,20,24.7,23.8
1039,Club Athletico Paranaense,Campeonato Brasileiro Série A (1),7,71,71,70,71,6200000,5,4,20,24.0,24.6
111044,Coritiba,Campeonato Brasileiro Série A (1),7,72,70,72,71,2200000,6,3,20,24.7,26.0
1043,Flamengo,Campeonato Brasileiro Série A (1),7,76,77,75,75,42400000,10,7,20,26.2,26.6
567,Fluminense,Campeonato Brasileiro Série A (1),7,72,70,73,72,4099999,9,4,20,25.8,25.6
111052,Fortaleza,Campeonato Brasileiro Série A (1),7,69,70,69,71,1600000,2,1,20,23.3,24.0
111042,Goiás,Campeonato Brasileiro Série A (1),7,71,70,72,72,2900000,4,3,20,25.1,25.4
1629,Grêmio,Campeonato Brasileiro Série A (1),7,74,75,72,75,7000000,8,8,20,27.3,25.8
1048,Internacional,Campeonato Brasileiro Série A (1),7,74,71,74,74,7700000,7,6,20,24.4,24.4
115199,Oceânico FC,Campeonato Brasileiro Série A (1),7,67,66,66,68,1100000,1,1,20,26.2,25.6
383,Palmeiras,Campeonato Brasileiro Série A (1),7,75,74,77,75,20500000,8,6,20,28.4,28.0
1053,Santos,Campeonato Brasileiro Série A (1),7,73,74,72,73,6500000,7,8,20,26.2,25.8
598,São Paulo,Campeonato Brasileiro Série A (1),7,74,74,73,76,11200000,9,6,20,26.6,27.2
569,Vasco da Gama,Campeonato Brasileiro Série A (1),7,71,71,71,73,3600000,5,5,20,28.0,26.2
101097,Audax Italiano,Chilian Campeonato Nacional (1),335,66,60,65,67,4400000,7,2,28,24.4,24.4
111327,CD Huachipato,Chilian Campeonato Nacional (1),335,65,63,66,63,3700000,4,3,28,24.9,22.8
110980,Colo-Colo,Chilian Campeonato Nacional (1),335,71,70,70,72,7200000,10,5,30,30.0,26.7
112705,Coquimbo Unido,Chilian Campeonato Nacional (1),335,66,66,63,64,1500000,1,1,28,27.6,26.9
110975,Universidad Católica,Chilian Campeonato Nacional (1),335,72,73,72,71,8500000,10,6,30,30.2,25.6
112535,Unión La Calera,Chilian Campeonato Nacional (1),335,67,68,67,68,1600000,3,1,26,30.2,25.4
111768,Beijing Sinobo Guoan FC,Chinese Super League (1),2012,71,78,73,67,30500000,7,4,28,28.8,27.4
112165,Chongqing Dangdai Lifan FC SWM Team,Chinese Super League (1),2012,62,65,59,59,5200000,2,1,28,28.4,27.6
112378,Dalian YiFang FC,Chinese Super League (1),2012,65,73,61,63,12300000,5,1,28,26.4,25.1
111839,Guangzhou Evergrande Taobao FC,Chinese Super League (1),2012,71,76,71,68,22700000,10,7,28,27.4,26.8
112429,Guangzhou R&F FC,Chinese Super League (1),2012,65,67,61,62,7600000,5,4,27,28.0,27.3
112978,Hebei China Fortune FC,Chinese Super League (1),2012,65,73,61,64,4200000,3,1,28,27.0,26.2
111779,Henan Jianye FC,Chinese Super League (1),2012,66,72,66,61,4800000,4,2,27,29.0,27.6
112162,Jiangsu Suning FC,Chinese Super League (1),2012,67,76,66,64,9300000,7,4,28,29.4,26.6
112961,Qingdao Huanghai F.C.,Chinese Super League (1),2012,62,58,62,62,7600000,5,6,25,30.1,29.4
111724,Shandong Luneng TaiShan FC,Chinese Super League (1),2012,70,73,70,68,8300000,6,3,28,29.1,27.1
110955,Shanghai Greenland Shenhua FC,Chinese Super League (1),2012,68,72,69,66,13100000,5,3,26,29.9,29.1
112540,Shanghai SIPG FC,Chinese Super League (1),2012,69,74,72,65,21700000,2,5,26,28.8,27.2
111773,Shenzhen FC,Chinese Super League (1),2012,66,68,65,62,8199999,4,1,28,28.2,28.2
112985,Shijiazhuang Ever Bright F.C.,Chinese Super League (1),2012,62,50,63,59,2100000,2,1,28,28.4,26.9
111774,Tianjin TEDA FC,Chinese Super League (1),2012,65,68,61,65,6600000,4,2,28,28.2,27.8
112541,Wuhan Zall,Chinese Super League (1),2012,67,72,65,65,4600000,1,1,28,28.8,28.6
101099,América de Cali,Colombian Liga Postobón (1),336,69,72,67,67,2200000,6,5,28,26.8,24.5
101100,Atlético Nacional,Colombian Liga Postobón (1),336,69,65,70,70,9000000,10,9,27,28.6,25.1
101102,Deportivo Cali,Colombian Liga Postobón (1),336,67,67,65,69,7000000,8,7,28,27.2,24.1
111723,Deportivo Pasto,Colombian Liga Postobón (1),336,66,65,66,67,2500000,6,2,27,29.8,27.4
101103,Independiente Medellín,Colombian Liga Postobón (1),336,65,65,62,66,5100000,8,6,28,25.9,23.0
101101,Junior FC,Colombian Liga Postobón (1),336,71,73,69,70,5000000,9,7,29,29.4,27.2
101105,Millonarios FC,Colombian Liga Postobón (1),336,68,67,69,68,7000000,8,8,29,28.4,25.6
211,Dinamo Zagreb,Croatian Prva HNL (1),317,72,74,72,71,11600000,10,4,28,25.6,23.7
266,SK Slavia Praha,Czech Republic Gambrinus Liga (1),319,74,72,73,73,6000000,10,4,23,24.8,25.4
267,Sparta Praha,Czech Republic Gambrinus Liga (1),319,72,72,72,70,7200000,9,4,26,25.8,24.3
110468,Viktoria Plzeň,Czech Republic Gambrinus Liga (1),319,73,72,72,73,6600000,9,4,25,28.9,27.4
1446,AC Horsens,Danish Superliga (1),1,64,63,63,64,1800000,2,1,27,25.4,24.3
820,Aalborg BK,Danish Superliga (1),1,67,69,68,66,2700000,7,1,26,26.7,23.7
271,Aarhus GF,Danish Superliga (1),1,67,67,68,68,3000000,6,1,27,26.0,23.6
269,Brøndby IF,Danish Superliga (1),1,67,68,65,67,5600000,9,2,24,23.8,23.5
819,FC København,Danish Superliga (1),1,72,72,73,71,10300000,10,4,26,27.6,27.0
1516,FC Midtjylland,Danish Superliga (1),1,71,70,71,71,9600000,10,3,27,25.2,24.7
1788,FC Nordsjælland,Danish Superliga (1),1,65,65,66,65,2800000,7,1,26,22.4,20.9
15001,Lyngby BK,Danish Superliga (1),1,64,63,64,64,1600000,1,1,23,28.2,25.0
272,Odense Boldklub,Danish Superliga (1),1,66,66,65,66,2600000,6,1,27,25.1,24.3
1786,Randers FC,Danish Superliga (1),1,65,65,64,64,2000000,5,1,23,25.7,24.3
1447,SønderjyskE,Danish Superliga (1),1,65,64,67,64,2000000,4,1,27,26.6,24.0
822,Vejle Boldklub,Danish Superliga (1),1,65,63,65,64,1500000,1,1,26,24.0,23.7
110981,Barcelona Sporting Club,Ecuadorian Serie A (1),2018,67,67,65,68,4900000,9,4,30,27.8,25.9
114580,Delfín SC,Ecuadorian Serie A (1),2018,66,67,65,64,1300000,1,1,27,27.4,26.5
111331,El Nacional,Ecuadorian Serie A (1),2018,65,64,63,64,2200000,4,2,27,29.7,26.7
110984,Emelec,Ecuadorian Serie A (1),2018,66,67,66,64,2500000,9,1,29,27.0,25.0
112908,Independiente del Valle,Ecuadorian Serie A (1),2018,69,70,68,67,1900000,4,2,30,26.9,24.0
110986,LDU Quito,Ecuadorian Serie A (1),2018,69,65,69,68,2200000,4,2,28,27.1,26.0
110987,SD Aucas,Ecuadorian Serie A (1),2018,65,63,65,65,1600000,2,1,28,28.3,25.4
114581,Universidad Católica del Ecuador,Ecuadorian Serie A (1),2018,65,64,65,65,1500000,1,1,29,28.7,24.7
1932,Barnsley,English League Championship (2),14,66,69,65,66,3500000,1,1,30,22.6,21.5
88,Birmingham City,English League Championship (2),14,71,72,71,71,5000000,4,1,30,27.9,25.4
3,Blackburn Rovers,English League Championship (2),14,70,67,71,70,7500000,5,1,30,25.2,24.0
1943,Bournemouth,English League Championship (2),14,74,73,75,73,36500000,2,1,29,25.6,23.3
1925,Brentford,English League Championship (2),14,72,72,71,73,11000000,7,1,30,25.4,22.8
1919,Bristol City,English League Championship (2),14,70,69,70,69,10000000,7,1,30,26.6,25.1
1961,Cardiff City,English League Championship (2),14,71,69,70,70,9000000,7,1,30,27.3,25.0
1800,Coventry City,English League Championship (2),14,67,67,67,67,1700000,6,1,30,25.0,23.5
91,Derby County,English League Championship (2),14,71,69,70,70,9200000,8,1,30,25.6,24.7
1939,Huddersfield Town,English League Championship (2),14,70,67,69,70,6000000,5,1,30,26.9,24.0
1923,Luton Town,English League Championship (2),14,67,67,67,67,2300000,1,1,29,26.6,25.2
12,Middlesbrough,English League Championship (2),14,69,71,69,68,8800000,4,1,30,25.7,23.0
97,Millwall,English League Championship (2),14,70,70,70,70,3800000,4,1,30,27.3,25.0
1792,Norwich City,English League Championship (2),14,73,76,72,72,20000000,1,1,30,25.2,25.3
14,Nottingham Forest,English League Championship (2),14,72,71,71,71,16500000,8,1,30,27.1,27.0
1801,Preston North End,English League Championship (2),14,71,70,71,71,3600000,6,1,29,26.7,25.8
15,Queens Park Rangers,English League Championship (2),14,68,69,69,67,3600000,3,1,30,25.7,23.9
1793,Reading,English League Championship (2),14,70,70,70,70,4800000,4,1,30,24.2,22.9
1797,Rotherham United,English League Championship (2),14,66,66,65,67,1800000,8,1,28,25.9,26.0
1807,Sheffield Wednesday,English League Championship (2),14,70,69,71,69,5000000,5,1,30,26.4,24.7
1806,Stoke City,English League Championship (2),14,71,69,70,70,8199999,6,1,30,27.0,26.1
1960,Swansea City,English League Championship (2),14,70,72,70,68,10200000,6,1,29,23.9,23.1
1795,Watford,English League Championship (2),14,75,74,73,71,35000000,3,2,30,25.1,25.6
1933,Wycombe Wanderers,English League Championship (2),14,66,66,65,67,750000,4,1,26,27.0,26.5
112259,AFC Wimbledon,English League One (3),60,62,60,62,63,500000,2,1,28,23.6,21.8
110313,Accrington Stanley,English League One (3),60,62,61,62,62,500000,1,1,26,23.4,22.5
1926,Blackpool,English League One (3),60,65,64,64,64,750000,6,1,28,25.4,23.9
1962,Bristol Rovers,English League One (3),60,63,63,63,64,750000,4,1,28,25.9,24.1
15015,Burton Albion,English League One (3),60,64,64,64,64,750000,7,1,25,27.8,26.3
89,Charlton Athletic,English League One (3),60,66,65,66,64,2800000,2,1,28,25.8,24.0
121,Crewe Alexandra,English League One (3),60,63,63,63,64,500000,5,1,28,23.4,23.4
142,Doncaster Rovers,English League One (3),60,63,61,64,63,1300000,7,1,24,22.8,22.7
112260,Fleetwood Town,English League One (3),60,65,65,66,61,750000,6,1,28,27.6,24.1
1802,Gillingham,English League One (3),60,63,63,61,63,1000000,5,1,23,24.2,23.5
1952,Hull City,English League One (3),60,66,66,65,68,4200000,3,1,28,24.7,22.8
94,Ipswich Town,English League One (3),60,65,66,64,65,2800000,9,1,28,28.4,25.8
149,Lincoln City,English League One (3),60,63,64,63,61,1300000,7,1,28,23.7,21.9
1798,Milton Keynes Dons,English League One (3),60,64,63,63,63,1500000,5,1,24,24.4,24.5
1930,Northampton Town,English League One (3),60,63,61,63,64,1000000,7,1,27,27.8,25.0
1951,Oxford United,English League One (3),60,65,66,65,66,1000000,6,1,27,26.7,24.0
1938,Peterborough United,English League One (3),60,65,67,65,65,2000000,8,1,28,24.8,22.9
1929,Plymouth Argyle,English League One (3),60,63,63,65,63,1300000,9,1,26,25.2,24.6
1790,Portsmouth,English League One (3),60,66,66,66,65,2000000,9,1,25,25.6,23.9
1955,Rochdale,English League One (3),60,62,60,63,64,500000,2,1,21,25.7,24.5
127,Shrewsbury,English League One (3),60,64,64,60,64,750000,5,1,28,24.6,24.0
106,Sunderland,English League One (3),60,66,66,67,66,5400000,9,2,28,27.1,25.1
1934,Swindon Town,English League One (3),60,63,63,62,64,750000,7,1,28,26.2,24.1
1917,Wigan Athletic,English League One (3),60,64,67,63,64,2400000,2,1,28,26.4,23.8
381,Barrow,English League Two (4),61,60,59,60,59,500000,1,1,25,26.3,25.4
4,Bolton Wanderers,English League Two (4),61,63,64,63,59,500000,8,1,28,25.6,24.3
1804,Bradford City,English League Two (4),61,62,62,61,62,1300000,9,1,25,25.4,24.4
1944,Cambridge United,English League Two (4),61,60,61,62,60,500000,3,1,25,26.4,23.2
1480,Carlisle United,English League Two (4),61,60,58,61,62,500000,6,1,27,25.2,22.6
1936,Cheltenham Town,English League Two (4),61,62,61,61,64,500000,5,1,25,26.8,24.9
1935,Colchester United,English League Two (4),61,63,63,62,64,500000,6,1,28,25.0,23.0
110890,Crawley Town,English League Two (4),61,61,59,60,62,500000,3,1,28,28.0,24.8
143,Exeter City,English League Two (4),61,62,63,61,60,750000,6,1,28,23.8,23.6
561,Forest Green Rovers,English League Two (4),61,62,59,62,62,1000000,7,1,25,23.9,22.8
92,Grimsby Town,English League Two (4),61,61,61,60,59,500000,2,1,27,25.1,24.2
112222,Harrogate Town,English League Two (4),61,59,57,59,59,500000,1,1,23,27.4,26.8
1958,Leyton Orient,English League Two (4),61,61,60,61,60,750000,4,1,26,25.6,24.8
1940,Mansfield Town,English League Two (4),61,63,64,63,63,1500000,8,1,24,25.3,24.7
357,Morecambe,English League Two (4),61,61,60,62,61,500000,1,1,24,25.6,25.4
112254,Newport County,English League Two (4),61,61,60,59,62,750000,5,1,25,25.0,24.6
1920,Oldham Athletic,English League Two (4),61,62,63,60,63,750000,4,1,24,25.4,23.1
1928,Port Vale,English League Two (4),61,63,62,62,62,750000,4,1,25,28.6,27.0
113926,Salford City,English League Two (4),61,64,64,65,63,1500000,8,1,28,26.9,24.6
1949,Scunthorpe United,English League Two (4),61,61,61,60,59,1000000,8,1,28,22.4,22.4
1954,Southend United,English League Two (4),61,61,61,60,61,750000,4,1,28,23.4,23.2
361,Stevenage,English League Two (4),61,60,60,54,62,750000,3,1,26,24.4,23.3
15048,Tranmere Rovers,English League Two (4),61,63,63,63,63,750000,2,1,25,28.6,26.2
1803,Walsall,English League Two (4),61,62,62,62,62,750000,7,1,24,23.7,24.0
100325,HJK Helsinki,Finnish Veikkausliiga (1),322,64,64,66,64,2000000,10,1,25,28.9,25.7
614,AC Ajaccio,French Ligue 2 (2),17,67,66,67,67,2600000,4,1,25,27.7,25.2
57,AJ Auxerre,French Ligue 2 (2),17,69,70,69,69,4200000,5,1,28,27.6,25.6
1823,AS Nancy Lorraine,French Ligue 2 (2),17,65,62,64,66,2800000,5,1,27,27.4,24.7
1816,Amiens SC,French Ligue 2 (2),17,69,67,69,67,5400000,2,1,30,25.2,23.0
1813,Chamois Niortais Football Club,French Ligue 2 (2),17,65,67,66,63,3100000,4,1,30,23.4,22.1
1815,Clermont Foot 63,French Ligue 2 (2),17,66,63,67,67,3200000,4,1,25,27.4,24.8
294,ESTAC Troyes,French Ligue 2 (2),17,69,68,68,69,3900000,8,1,29,26.3,24.2
62,En Avant de Guingamp,French Ligue 2 (2),17,70,70,71,69,5200000,9,1,30,28.4,25.7
112627,FC Chambly Oise,French Ligue 2 (2),17,64,64,64,64,1900000,1,1,30,28.6,26.9
226,FC Sochaux-Montbéliard,French Ligue 2 (2),17,66,67,66,67,2900000,6,1,29,26.3,23.8
1805,Grenoble Foot 38,French Ligue 2 (2),17,66,68,67,66,3300000,4,1,25,27.0,25.8
212,La Berrichonne de Châteauroux,French Ligue 2 (2),17,66,65,65,66,2300000,3,1,25,25.6,25.1
1738,Le Havre AC,French Ligue 2 (2),17,67,64,67,66,4600000,7,1,27,25.7,23.6
111817,Paris FC,French Ligue 2 (2),17,67,67,66,68,5200000,7,1,29,28.6,24.2
110321,Pau FC,French Ligue 2 (2),17,65,65,65,65,2000000,1,1,26,27.3,24.7
111659,Rodez Aveyron Football,French Ligue 2 (2),17,65,63,65,65,2000000,2,1,27,26.3,25.3
210,Stade Malherbe Caen,French Ligue 2 (2),17,69,68,69,68,3300000,9,1,30,28.0,23.9
1809,Toulouse Football Club,French Ligue 2 (2),17,69,68,67,69,6000000,3,1,29,23.2,22.3
111276,USL Dunkerque,French Ligue 2 (2),17,64,65,64,63,2700000,1,1,29,27.6,25.7
110456,Valenciennes FC,French Ligue 2 (2),17,67,66,66,67,2600000,4,1,25,25.3,23.8
111235,1. FC Heidenheim 1846,German 2. Bundesliga (2),20,69,67,69,71,2000000,7,1,30,26.8,24.5
171,1. FC Nürnberg,German 2. Bundesliga (2),20,70,69,70,69,5400000,8,1,30,24.8,24.8
110500,Eintracht Braunschweig,German 2. Bundesliga (2),20,67,70,67,65,900000,2,1,28,25.2,25.5
506,FC Erzgebirge Aue,German 2. Bundesliga (2),20,68,69,68,68,1600000,3,1,27,28.1,25.9
110329,FC St. Pauli,German 2. Bundesliga (2),20,68,72,66,68,2900000,6,1,30,27.0,24.4
110197,FC Würzburger Kickers,German 2. Bundesliga (2),20,66,65,66,66,725000,1,1,28,27.4,25.0
110636,Fortuna Düsseldorf,German 2. Bundesliga (2),20,71,73,70,71,7500000,10,1,30,26.7,24.3
28,Hamburger SV,German 2. Bundesliga (2),20,72,72,70,72,18000000,9,3,28,27.1,24.6
485,Hannover 96,German 2. Bundesliga (2),20,71,71,71,70,10000000,8,2,28,27.4,25.5
576,Holstein Kiel,German 2. Bundesliga (2),20,68,69,71,67,1700000,5,1,28,26.6,25.1
1832,Karlsruher SC,German 2. Bundesliga (2),20,68,65,68,68,800000,2,1,26,25.4,25.1
10030,SC Paderborn 07,German 2. Bundesliga (2),20,69,68,70,69,5000000,7,1,30,25.4,23.9
543,SSV Jahn Regensburg,German 2. Bundesliga (2),20,66,66,67,66,1000000,3,1,28,25.6,25.2
110502,SV Darmstadt 98,German 2. Bundesliga (2),20,69,70,69,69,3300000,6,1,29,26.0,24.1
110178,SV Sandhausen,German 2. Bundesliga (2),20,69,69,69,69,1500000,3,1,30,28.3,26.5
165,SpVgg Greuther Fürth,German 2. Bundesliga (2),20,67,68,67,66,1900000,5,1,25,25.4,23.2
160,VfL Bochum 1848,German 2. Bundesliga (2),20,69,69,70,69,3300000,7,1,29,28.9,25.4
487,VfL Osnabrück,German 2. Bundesliga (2),20,68,64,68,68,520000,4,1,29,27.1,26.0
29,1. FC Kaiserslautern,German 3. Bundesliga (3),2076,65,65,65,67,750000,7,1,28,25.0,24.7
110588,1. FC Magdeburg,German 3. Bundesliga (3),2076,64,65,63,63,800000,8,1,28,25.9,24.8
523,1. FC Saarbrücken,German 3. Bundesliga (3),2076,64,65,63,64,1200000,3,1,27,27.4,25.2
110679,Bayern München II,German 3. Bundesliga (3),2076,63,64,64,60,4000000,7,1,28,22.4,20.6
27,FC Hansa Rostock,German 3. Bundesliga (3),2076,65,64,64,66,650000,7,1,24,26.2,24.8
111239,FC Ingolstadt 04,German 3. Bundesliga (3),2076,66,67,67,66,4000000,10,1,27,26.6,24.3
110592,FSV Zwickau,German 3. Bundesliga (3),2076,63,64,63,61,500000,2,1,25,26.3,25.0
110482,Hallescher FC,German 3. Bundesliga (3),2076,64,66,63,64,640000,6,1,24,25.7,24.5
167,KFC Uerdingen 05,German 3. Bundesliga (3),2076,65,65,65,64,1300000,8,1,28,26.3,25.3
1825,MSV Duisburg,German 3. Bundesliga (3),2076,64,65,64,64,800000,8,1,26,25.3,24.5
110501,SC Verl,German 3. Bundesliga (3),2076,62,64,61,61,1000000,1,1,26,25.4,25.6
503,SG Dynamo Dresden,German 3. Bundesliga (3),2076,66,64,66,66,2000000,10,1,26,24.4,23.6
110597,SV Meppen,German 3. Bundesliga (3),2076,64,63,64,65,520000,3,1,26,26.7,25.5
110532,SV Waldhof Mannheim,German 3. Bundesliga (3),2076,64,62,65,63,500000,3,1,24,23.6,23.9
492,SV Wehen Wiesbaden,German 3. Bundesliga (3),2076,66,64,66,66,1700000,8,1,25,28.0,24.6
172,SpVgg Unterhaching,German 3. Bundesliga (3),2076,65,62,65,64,580000,7,1,28,24.6,26.0
33,TSV 1860 München,German 3. Bundesliga (3),2076,64,65,64,64,1000000,4,1,26,26.6,23.4
114398,Türkgücü München,German 3. Bundesliga (3),2076,63,64,63,64,1000000,1,1,28,26.8,25.4
1829,VfB Lübeck,German 3. Bundesliga (3),2076,63,62,63,62,1000000,1,1,28,26.6,25.5
110645,Viktoria Köln,German 3. Bundesliga (3),2076,65,67,65,64,500000,2,1,28,27.1,25.8
278,AEK Athens,Greek Super League (1),63,72,74,72,71,12400000,9,5,28,27.6,26.0
280,Olympiacos CFP,Greek Super League (1),63,75,78,75,74,19000000,10,5,28,28.8,26.6
393,PAOK,Greek Super League (1),63,73,70,73,71,16800000,9,4,28,26.6,25.9
1884,Panathinaikos FC,Greek Super League (1),63,71,71,71,71,5300000,7,4,28,26.8,24.1
650,ADO Den Haag,Holland Eredivisie (1),10,65,64,66,65,5400000,5,1,30,23.4,22.6
1906,AZ Alkmaar,Holland Eredivisie (1),10,73,72,74,73,9100000,8,3,28,23.3,23.1
245,Ajax,Holland Eredivisie (1),10,78,77,77,78,29500000,10,7,26,24.4,23.5
100628,FC Emmen,Holland Eredivisie (1),10,68,69,68,67,3200000,3,1,30,26.6,24.7
1915,FC Groningen,Holland Eredivisie (1),10,68,65,68,68,7400000,6,2,27,25.3,22.6
1908,FC Twente,Holland Eredivisie (1),10,67,66,64,66,9200000,6,2,25,22.6,21.9
1903,FC Utrecht,Holland Eredivisie (1),10,71,72,71,70,15200000,7,2,28,25.7,24.4
246,Feyenoord,Holland Eredivisie (1),10,75,76,74,74,13800000,9,3,26,25.1,24.5
634,Fortuna Sittard,Holland Eredivisie (1),10,66,70,67,65,5700000,3,1,24,24.9,23.8
100634,Heracles Almelo,Holland Eredivisie (1),10,66,65,65,66,4300000,5,1,28,24.4,22.6
1914,PEC Zwolle,Holland Eredivisie (1),10,67,67,67,66,5700000,5,1,24,25.6,23.7
247,PSV,Holland Eredivisie (1),10,76,79,75,74,21600000,10,5,28,23.7,23.2
1905,RKC Waalwijk,Holland Eredivisie (1),10,66,65,65,65,2700000,1,1,29,25.8,24.0
1913,SC Heerenveen,Holland Eredivisie (1),10,67,69,67,67,6600000,6,2,24,22.8,21.2
100646,Sparta Rotterdam,Holland Eredivisie (1),10,66,64,67,66,5700000,4,1,25,26.2,24.8
100651,VVV-Venlo,Holland Eredivisie (1),10,66,66,67,67,2900000,3,1,25,27.9,24.9
1909,Vitesse,Holland Eredivisie (1),10,69,67,69,70,16399999,7,2,27,25.0,23.0
1907,Willem II,Holland Eredivisie (1),10,69,70,68,67,4800000,5,1,29,24.4,23.4
1369,Argentina,International,78,83,87,82,79,0,10,9,23,26.7,26.8
1415,Australia,International,78,72,71,71,70,0,10,5,23,27.4,27.2
1322,Austria,International,78,78,82,79,76,0,10,4,23,27.4,27.3
1325,Belgium,International,78,83,84,82,82,0,10,7,23,29.2,28.2
111451,Bolivia,International,78,66,67,66,65,0,10,1,23,28.6,27.7
1370,Brazil,International,78,80,81,79,80,0,10,10,23,25.1,24.9
1327,Bulgaria,International,78,67,67,68,67,0,10,5,23,28.3,27.9
1395,Cameroon,International,78,74,74,74,71,0,10,5,23,26.8,25.6
111455,Canada,International,78,71,72,71,70,0,10,2,23,26.2,26.8
111459,Chile,International,78,76,75,78,71,0,10,7,23,28.7,28.5
1413,China PR,International,78,70,72,69,67,0,10,3,23,29.4,28.5
111109,Colombia,International,78,79,80,79,78,0,10,7,23,27.8,27.2
1330,Czech Republic,International,78,77,76,76,76,0,10,5,23,26.9,27.1
111112,Côte d'Ivoire,International,78,75,78,75,74,0,10,6,23,27.4,27.0
1331,Denmark,International,78,78,77,80,77,0,10,5,23,27.6,28.2
111465,Ecuador,International,78,73,74,72,75,0,10,5,23,33.5,32.3
111130,Egypt,International,78,73,76,74,70,0,10,5,23,29.4,28.0
1318,England,International,78,83,84,82,82,0,10,8,23,23.8,24.6
1334,Finland,International,78,70,71,69,68,0,10,3,23,28.6,27.7
1335,France,International,78,84,83,86,83,0,10,10,23,26.9,26.0
1337,Germany,International,78,85,85,83,82,0,10,10,23,26.0,25.5
1338,Greece,International,78,74,70,73,73,0,10,6,23,26.2,25.8
1886,Hungary,International,78,71,71,70,70,0,10,4,23,26.3,26.7
1341,Iceland,International,78,72,70,73,70,0,10,3,23,31.4,30.0
111466,India,International,78,60,62,60,60,0,10,1,23,32.4,32.4
1343,Italy,International,78,83,83,82,82,0,10,9,23,28.0,27.3
1386,Mexico,International,78,77,80,77,76,0,10,7,23,28.0,27.3
105035,Netherlands,International,78,82,82,83,83,0,10,8,23,27.1,26.6
111473,New Zealand,International,78,68,72,68,68,0,10,2,23,26.2,24.9
110081,Northern Ireland,International,78,70,65,68,74,0,10,2,23,27.4,28.6
1352,Norway,International,78,76,79,76,74,0,10,3,23,26.3,26.2
1375,Paraguay,International,78,74,73,75,72,0,10,4,23,25.9,26.6
111108,Peru,International,78,73,77,74,72,0,10,3,23,27.7,27.5
1353,Poland,International,78,77,83,74,72,0,10,5,23,24.4,26.6
1354,Portugal,International,78,83,86,83,82,0,10,8,23,27.7,27.6
1355,Republic of Ireland,International,78,75,71,74,78,0,10,5,23,27.6,27.3
1356,Romania,International,78,72,71,73,71,0,10,5,23,27.2,27.5
1357,Russia,International,78,77,77,77,76,0,10,6,23,28.9,28.8
1359,Scotland,International,78,75,68,76,74,0,10,4,23,26.7,26.5
1361,Slovenia,International,78,72,72,70,70,0,10,5,23,26.7,26.6
111099,South Africa,International,78,71,72,70,71,0,10,4,23,29.4,28.5
1362,Spain,International,78,83,80,84,83,0,10,9,23,26.6,25.7
1363,Sweden,International,78,76,76,75,75,0,10,5,23,28.2,28.4
1364,Switzerland,International,78,78,75,80,78,0,10,5,23,26.1,26.0
1365,Turkey,International,78,76,78,76,75,0,10,6,23,26.2,25.4
1387,United States,International,78,74,76,74,74,0,10,6,23,24.1,25.3
1377,Uruguay,International,78,79,79,79,78,0,10,7,23,30.9,31.3
111487,Venezuela,International,78,72,74,73,70,0,10,2,23,26.4,26.3
1367,Wales,International,78,74,69,76,73,0,10,4,23,26.4,26.1
111811,AC Monza,Italian Serie B (2),32,70,73,68,70,6700000,7,1,28,28.6,25.9
190,Brescia,Italian Serie B (2),32,70,71,69,70,5200000,7,1,28,26.3,25.3
192,Chievo Verona,Italian Serie B (2),32,68,71,67,66,4500000,6,2,28,26.3,25.5
1746,Empoli,Italian Serie B (2),32,68,69,68,67,4500000,10,1,25,25.3,23.8
347,Lecce,Italian Serie B (2),32,70,71,68,69,6000000,7,1,26,29.3,25.9
112791,SPAL,Italian Serie B (2),32,71,73,70,67,4500000,8,1,28,26.6,24.7
101148,Cerezo Osaka,Japanese J. League Division 1 (1),349,69,68,69,69,6900000,7,5,30,28.1,26.0
101150,FC Tokyo,Japanese J. League Division 1 (1),349,67,68,67,66,10000000,7,5,30,27.8,25.4
112093,Gamba Osaka,Japanese J. League Division 1 (1),349,68,70,66,69,8700000,8,5,30,27.4,25.6
112444,Hokkaido Consadole Sapporo,Japanese J. League Division 1 (1),349,67,68,67,69,5200000,4,1,26,28.2,26.6
101147,Kashima Antlers,Japanese J. League Division 1 (1),349,68,69,68,67,8900000,9,6,30,25.6,25.6
101145,Kashiwa Reysol,Japanese J. League Division 1 (1),349,68,70,67,64,7700000,7,4,30,27.6,27.1
111730,Kawasaki Frontale,Japanese J. League Division 1 (1),349,70,73,69,69,9300000,8,5,27,28.6,27.4
112092,Nagoya Grampus,Japanese J. League Division 1 (1),349,68,69,69,66,8300000,5,3,29,27.6,26.3
113183,Oita Trinita,Japanese J. League Division 1 (1),349,67,67,66,67,4099999,3,1,30,26.9,26.7
113160,Sagan Tosu,Japanese J. League Division 1 (1),349,64,61,65,64,4099999,2,1,30,24.3,26.6
113157,Sanfrecce Hiroshima,Japanese J. League Division 1 (1),349,68,69,68,69,8000000,7,5,27,29.2,26.9
101149,Shimizu S-Pulse,Japanese J. League Division 1 (1),349,66,68,67,65,4200000,3,1,30,27.3,26.7
113161,Shonan Bellmare,Japanese J. League Division 1 (1),349,65,67,64,63,3900000,2,2,30,25.8,25.8
111575,Urawa Red Diamonds,Japanese J. League Division 1 (1),349,67,68,66,67,10200000,9,5,27,27.0,27.3
112836,Vegalta Sendai,Japanese J. League Division 1 (1),349,66,68,66,66,4300000,4,4,30,27.1,27.2
101146,Vissel Kobe,Japanese J. League Division 1 (1),349,69,70,69,70,16800000,6,5,27,28.7,26.4
101151,Yokohama F. Marinos,Japanese J. League Division 1 (1),349,69,71,69,67,10300000,9,4,26,26.4,26.7
113197,Yokohama FC,Japanese J. League Division 1 (1),349,65,65,65,63,2800000,2,1,30,26.0,29.0
1476,Busan IPark,Korean K League Classic (1),83,64,64,63,63,3000000,3,2,28,28.8,26.9
2056,Daegu FC,Korean K League Classic (1),83,65,68,65,62,4300000,8,3,28,27.8,25.0
982,FC Seoul,Korean K League Classic (1),83,68,69,69,65,5300000,9,7,28,28.2,26.8
112115,Gangwon FC,Korean K League Classic (1),83,65,67,63,65,3500000,6,1,28,27.8,26.1
112258,GwangJu FC,Korean K League Classic (1),83,64,67,61,63,1600000,2,1,28,27.2,27.4
110765,Incheon United FC,Korean K League Classic (1),83,64,65,65,64,2300000,1,2,28,28.4,27.4
1477,Jeonbuk Hyundai Motors,Korean K League Classic (1),83,69,68,70,70,7100000,10,7,28,30.1,27.6
1474,Pohang Steelers,Korean K League Classic (1),83,67,69,67,66,3400000,7,5,28,27.2,25.3
2055,Sangju Sangmu FC,Korean K League Classic (1),83,65,65,64,65,2600000,2,1,28,26.4,25.6
981,Seongnam FC,Korean K League Classic (1),83,64,65,64,63,2800000,2,2,28,29.8,27.0
983,Suwon Samsung Bluewings,Korean K League Classic (1),83,67,66,67,65,2800000,8,5,28,28.0,27.2
1473,Ulsan Hyundai FC,Korean K League Classic (1),83,70,70,70,70,4900000,7,6,28,29.1,27.8
114577,Always Ready,Liga de Fútbol Profesional Boliviano (1),2017,65,66,64,63,1100000,1,1,28,30.6,27.5
110967,Club Blooming,Liga de Fútbol Profesional Boliviano (1),2017,64,64,62,62,2000000,5,3,30,27.2,24.8
110968,Club Bolívar,Liga de Fútbol Profesional Boliviano (1),2017,67,69,67,65,3300000,10,5,30,28.6,25.3
110974,Jorge Wilstermann,Liga de Fútbol Profesional Boliviano (1),2017,66,66,66,66,2100000,7,3,30,31.2,28.8
112667,Nacional Potosí,Liga de Fútbol Profesional Boliviano (1),2017,63,61,65,63,1500000,1,1,28,29.1,26.8
110970,Oriente Petrolero,Liga de Fútbol Profesional Boliviano (1),2017,63,65,63,61,2000000,5,3,28,24.6,24.1
112678,Atlético de San Luis,Mexican Liga MX (1),341,69,67,67,68,5200000,2,1,26,26.4,25.5
1879,Club América,Mexican Liga MX (1),341,73,74,73,69,15300000,10,9,30,25.9,25.3
101114,Club Atlas,Mexican Liga MX (1),341,70,69,70,70,6500000,3,1,27,27.9,24.9
110781,Club León,Mexican Liga MX (1),341,72,69,73,70,3600000,8,4,27,28.7,26.2
101121,Club Necaxa,Mexican Liga MX (1),341,68,65,67,69,9700000,4,4,27,25.7,24.6
111678,Club Tijuana,Mexican Liga MX (1),341,70,72,69,67,7200000,5,2,26,24.8,23.6
1878,Cruz Azul,Mexican Liga MX (1),341,73,71,72,72,30100000,9,4,26,27.3,26.8
1882,Deportivo Toluca,Mexican Liga MX (1),341,70,71,71,66,7500000,5,2,30,27.6,25.8
113134,FC Juárez,Mexican Liga MX (1),341,69,74,68,68,2000000,3,1,30,28.6,27.0
1880,Guadalajara,Mexican Liga MX (1),341,70,71,70,69,27900000,8,8,30,25.1,25.4
114899,Mazatlán FC,Mexican Liga MX (1),341,69,68,67,65,1700000,4,1,29,25.1,25.9
1032,Monterrey,Mexican Liga MX (1),341,74,74,74,71,24300000,8,9,29,26.8,25.1
110147,Pachuca,Mexican Liga MX (1),341,71,65,69,71,4900000,6,7,27,26.1,26.4
110152,Puebla FC,Mexican Liga MX (1),341,69,67,70,67,3700000,2,1,28,29.3,26.4
110150,Querétaro,Mexican Liga MX (1),341,66,66,65,67,1300000,1,1,30,27.6,26.6
110144,Santos Laguna,Mexican Liga MX (1),341,71,73,69,70,9000000,5,4,30,25.9,24.1
1970,Tigres U.A.N.L.,Mexican Liga MX (1),341,75,75,75,74,20100000,9,7,26,29.2,26.5
1881,U.N.A.M.,Mexican Liga MX (1),341,70,73,68,69,8500000,6,6,29,25.4,23.9
1755,Aalesunds FK,Norwegian Eliteserien (1),41,62,61,63,62,1900000,2,1,26,25.3,24.5
918,FK Bodø/Glimt,Norwegian Eliteserien (1),41,67,67,68,67,2800000,7,1,27,24.2,22.3
1463,FK Haugesund,Norwegian Eliteserien (1),41,63,63,64,64,1400000,5,1,22,26.3,23.8
1524,IK Start,Norwegian Eliteserien (1),41,63,62,64,63,1200000,3,1,24,26.8,25.4
113459,Kristiansund BK,Norwegian Eliteserien (1),41,65,64,65,65,750000,4,1,23,27.3,26.0
112420,Mjøndalen IF,Norwegian Eliteserien (1),41,63,62,62,62,1500000,1,1,27,25.8,25.6
417,Molde FK,Norwegian Eliteserien (1),41,69,70,69,67,5400000,10,2,26,26.6,25.4
1456,Odds BK,Norwegian Eliteserien (1),41,65,66,64,66,2400000,6,1,24,25.4,24.0
298,Rosenborg BK,Norwegian Eliteserien (1),41,69,67,71,68,8300000,10,4,25,27.2,24.8
919,SK Brann,Norwegian Eliteserien (1),41,66,66,66,66,3700000,8,1,25,28.2,26.0
1757,Sandefjord Fotball,Norwegian Eliteserien (1),41,62,62,63,63,1100000,1,1,27,24.8,24.3
112199,Sarpsborg 08 FF,Norwegian Eliteserien (1),41,65,66,64,64,2200000,4,2,25,26.6,25.6
917,Stabæk Fotball,Norwegian Eliteserien (1),41,65,63,66,64,1700000,4,1,27,25.1,23.6
922,Strømsgodset IF,Norwegian Eliteserien (1),41,64,63,65,63,2500000,6,1,27,23.8,22.1
300,Viking FK,Norwegian Eliteserien (1),41,65,67,64,64,2200000,4,1,25,25.6,25.2
920,Vålerenga Fotball,Norwegian Eliteserien (1),41,66,67,65,66,2700000,7,1,23,24.7,24.5
111329,Club Guaraní,Paraguayan Primera División (1),337,67,68,67,64,1600000,8,3,30,24.9,25.1
111008,Club Libertad,Paraguayan Primera División (1),337,71,70,69,70,3100000,7,2,30,31.2,27.0
112671,Nacional Asunción,Paraguayan Primera División (1),337,65,65,65,62,2300000,4,2,29,30.7,26.5
101108,Olimpia Asunción,Paraguayan Primera División (1),337,72,70,71,70,6000000,10,8,30,30.1,28.4
114575,River Plate Asunción,Paraguayan Primera División (1),337,65,67,61,66,1600000,1,1,29,27.4,28.0
112080,Sol de América,Paraguayan Primera División (1),337,65,65,66,64,2000000,3,1,30,27.1,25.7
111006,Sportivo Luqueño,Paraguayan Primera División (1),337,61,61,62,61,1700000,2,1,30,27.6,25.5
111010,Alianza Lima,Peruvian Primera División (1),2020,65,62,64,64,3800000,9,5,28,28.1,25.1
114598,Club Atlético Grau,Peruvian Primera División (1),2020,62,64,60,61,1700000,1,1,25,25.6,25.4
112659,Cusco FC,Peruvian Primera División (1),2020,64,64,64,65,2100000,2,2,24,30.3,27.0
114582,Deportivo Binacional,Peruvian Primera División (1),2020,67,66,66,64,2500000,3,2,28,27.7,27.1
111334,Melgar FBC,Peruvian Primera División (1),2020,65,65,65,63,1500000,2,1,30,28.4,24.7
114511,Sport Huancayo,Peruvian Primera División (1),2020,65,66,65,62,2200000,3,2,29,32.5,28.6
110747,Cracovia,Polish T-Mobile Ekstraklasa (1),66,66,67,67,65,2300000,9,3,27,24.6,25.1
420,Górnik Zabrze,Polish T-Mobile Ekstraklasa (1),66,65,67,63,64,1500000,5,2,26,25.1,23.0
110745,Jagiellonia Białystok,Polish T-Mobile Ekstraklasa (1),66,67,66,67,66,2100000,8,3,27,27.7,24.6
873,Lech Poznań,Polish T-Mobile Ekstraklasa (1),66,69,68,68,68,2900000,10,4,27,24.9,23.9
111091,Lechia Gdańsk,Polish T-Mobile Ekstraklasa (1),66,67,68,66,67,2300000,6,2,26,26.4,24.5
1871,Legia Warszawa,Polish T-Mobile Ekstraklasa (1),66,69,68,69,69,3300000,10,6,27,28.2,27.6
111086,Piast Gliwice,Polish T-Mobile Ekstraklasa (1),66,66,64,65,67,1800000,8,4,26,26.2,26.0
111087,Podbeskidzie Bielsko-Biała,Polish T-Mobile Ekstraklasa (1),66,62,63,62,60,1200000,2,1,27,28.3,25.5
110746,Pogoń Szczecin,Polish T-Mobile Ekstraklasa (1),66,67,66,66,66,1800000,6,2,27,26.4,24.0
114326,Raków Częstochowa,Polish T-Mobile Ekstraklasa (1),66,65,63,66,66,1500000,4,2,26,25.4,24.5
114004,Stal Mielec,Polish T-Mobile Ekstraklasa (1),66,63,58,64,62,875000,2,1,27,26.0,24.5
112511,Warta Poznań,Polish T-Mobile Ekstraklasa (1),66,62,61,63,61,808000,2,1,26,27.2,24.6
1873,Wisła Kraków,Polish T-Mobile Ekstraklasa (1),66,67,63,67,67,1300000,5,3,27,26.4,25.9
1569,Wisła Płock,Polish T-Mobile Ekstraklasa (1),66,65,63,65,65,1700000,4,2,27,26.4,25.7
110749,Zagłębie Lubin,Polish T-Mobile Ekstraklasa (1),66,65,64,66,64,2000000,6,3,27,26.0,24.3
111092,Śląsk Wrocław,Polish T-Mobile Ekstraklasa (1),66,66,65,66,65,1800000,7,3,27,29.0,25.9
1898,Boavista FC,Portuguese Liga ZON SAGRES (1),308,71,69,71,70,2400000,5,1,30,24.4,23.5
1891,CD Nacional,Portuguese Liga ZON SAGRES (1),308,69,68,69,67,2100000,3,1,28,26.4,24.9
112516,CD Tondela,Portuguese Liga ZON SAGRES (1),308,67,66,66,69,1800000,2,1,25,26.4,24.2
1893,Clube Sport Marítimo,Portuguese Liga ZON SAGRES (1),308,69,68,68,69,3900000,6,2,30,28.4,25.9
1892,FC Paços de Ferreira,Portuguese Liga ZON SAGRES (1),308,69,70,70,67,2000000,4,1,28,26.4,24.0
236,FC Porto,Portuguese Liga ZON SAGRES (1),308,78,78,78,74,23000000,10,7,28,27.6,25.3
112809,Famalicão,Portuguese Liga ZON SAGRES (1),308,68,68,66,68,5400000,4,1,30,22.3,21.4
489,Farense,Portuguese Liga ZON SAGRES (1),308,68,68,69,67,1000000,2,1,29,26.6,25.9
1888,Gil Vicente FC,Portuguese Liga ZON SAGRES (1),308,68,66,66,69,1700000,2,1,30,26.0,24.3
1900,Moreirense FC,Portuguese Liga ZON SAGRES (1),308,69,70,70,67,2900000,4,1,26,26.6,24.2
1889,Os Belenenses,Portuguese Liga ZON SAGRES (1),308,68,68,66,69,2200000,5,1,30,26.9,24.1
10031,Portimonense SC,Portuguese Liga ZON SAGRES (1),308,69,68,71,68,3800000,3,1,30,25.9,25.1
744,Rio Ave FC,Portuguese Liga ZON SAGRES (1),308,72,73,71,72,2900000,6,2,30,27.7,25.5
1896,SC Braga,Portuguese Liga ZON SAGRES (1),308,76,78,73,76,14000000,8,3,30,25.1,25.3
234,SL Benfica,Portuguese Liga ZON SAGRES (1),308,79,74,80,80,25300000,10,7,27,27.0,25.8
1438,Santa Clara,Portuguese Liga ZON SAGRES (1),308,69,69,69,68,1800000,1,1,27,26.9,25.6
237,Sporting CP,Portuguese Liga ZON SAGRES (1),308,77,74,76,76,21600000,9,4,30,24.9,23.9
1887,Vitória Guimarães,Portuguese Liga ZON SAGRES (1),308,71,74,71,68,5900000,7,3,30,26.0,23.1
305,Bohemian FC,Rep. Ireland Airtricity League (1),65,60,60,60,59,530000,7,1,25,22.7,22.4
422,Cork City,Rep. Ireland Airtricity League (1),65,57,55,58,55,600000,7,2,25,23.9,23.2
445,Derry City,Rep. Ireland Airtricity League (1),65,59,48,59,59,510000,7,1,25,26.6,24.6
837,Dundalk,Rep. Ireland Airtricity League (1),65,64,65,64,64,900000,10,2,25,27.9,26.7
111131,Finn Harps,Rep. Ireland Airtricity League (1),65,56,54,56,57,500000,2,1,25,26.4,25.2
306,Shamrock Rovers,Rep. Ireland Airtricity League (1),65,63,66,63,63,700000,9,2,24,28.1,25.7
834,Shelbourne FC,Rep. Ireland Airtricity League (1),65,57,57,57,57,520000,4,1,24,25.9,24.8
563,Sligo Rovers,Rep. Ireland Airtricity League (1),65,58,59,56,58,515000,5,1,25,24.3,24.3
423,St. Patrick's Athletic,Rep. Ireland Airtricity League (1),65,59,57,59,59,525000,6,1,23,25.0,24.4
753,Waterford FC,Rep. Ireland Airtricity League (1),65,55,55,55,55,520000,4,1,21,24.2,22.4
113391,Academica Clinceni,Romanian Liga I (1),330,62,61,61,62,507000,1,1,27,25.8,24.9
112847,Astra Giurgiu,Romanian Liga I (1),330,67,69,66,67,1500000,7,4,27,27.0,24.4
110816,CFR Cluj,Romanian Liga I (1),330,70,69,68,71,3000000,9,5,27,27.7,27.7
113387,Chindia Târgovişte,Romanian Liga I (1),330,63,62,61,63,808000,2,1,25,25.0,24.0
100757,Dinamo Bucureşti,Romanian Liga I (1),330,68,59,68,67,1200000,4,2,27,27.6,26.3
100759,FC Argeș,Romanian Liga I (1),330,62,55,63,62,804000,2,1,27,27.2,25.9
110752,FC Botoşani,Romanian Liga I (1),330,66,69,65,65,1700000,6,3,25,26.1,25.8
114147,FC Hermannstadt,Romanian Liga I (1),330,65,61,64,64,1100000,3,1,25,29.3,27.0
113180,FC Viitorul,Romanian Liga I (1),330,67,67,66,68,2300000,8,4,27,24.1,24.3
113182,FC Voluntari,Romanian Liga I (1),330,64,65,65,63,1000000,3,3,25,27.6,24.9
100761,FCSB (Steaua),Romanian Liga I (1),330,69,71,68,69,4000000,10,5,27,25.4,24.1
112637,Gaz Metan Mediaş,Romanian Liga I (1),330,66,67,65,64,1300000,5,3,27,25.1,25.1
110815,Politehnica Iaşi,Romanian Liga I (1),330,64,64,64,62,1300000,5,2,27,28.6,26.0
113378,Sepsi OSK,Romanian Liga I (1),330,65,65,65,66,1500000,5,2,27,28.3,26.3
110750,UTA Arad,Romanian Liga I (1),330,63,63,60,63,937000,2,1,27,26.6,25.4
308,Universitatea Craiova,Romanian Liga I (1),330,68,65,69,68,2500000,8,4,27,25.7,25.4
100765,Lokomotiv Moscow,Russian Premier League (1),67,74,75,73,73,15700000,9,4,28,27.1,26.0
315,PFC CSKA Moscow,Russian Premier League (1),67,74,74,70,74,13100000,10,7,25,24.3,23.3
100767,Spartak Moscow,Russian Premier League (1),67,74,74,74,72,20000000,10,4,28,23.4,24.1
113058,Abha Club,Saudi Abdul L. Jameel League (1),350,63,60,64,62,1500000,1,1,27,28.7,26.7
113345,Al Adalah,Saudi Abdul L. Jameel League (1),350,62,62,63,61,1200000,1,1,20,28.6,28.4
112387,Al Ahli,Saudi Abdul L. Jameel League (1),350,69,77,70,67,14600000,9,7,30,28.4,27.6
112389,Al Faisaly,Saudi Abdul L. Jameel League (1),350,65,67,65,64,2200000,5,2,27,27.9,25.9
112390,Al Fateh,Saudi Abdul L. Jameel League (1),350,64,67,63,65,3100000,6,4,30,27.9,26.4
113057,Al Fayha,Saudi Abdul L. Jameel League (1),350,64,65,67,62,2500000,3,2,20,29.2,29.2
113222,Al Hazem,Saudi Abdul L. Jameel League (1),350,64,70,63,62,1600000,2,1,22,28.6,27.5
605,Al Hilal,Saudi Abdul L. Jameel League (1),350,72,76,73,71,23600000,10,7,30,29.7,26.9
607,Al Ittihad,Saudi Abdul L. Jameel League (1),350,69,69,68,66,15000000,8,5,30,27.3,26.2
112139,Al Nassr,Saudi Abdul L. Jameel League (1),350,71,79,71,70,17200000,10,5,30,29.3,27.0
112392,Al Raed,Saudi Abdul L. Jameel League (1),350,65,66,67,64,2200000,4,2,30,29.6,26.5
111674,Al Shabab,Saudi Abdul L. Jameel League (1),350,69,72,71,65,9800000,7,4,29,29.6,26.5
112393,Al Taawoun,Saudi Abdul L. Jameel League (1),350,66,66,65,66,4300000,6,4,26,29.2,27.1
112408,Al Wehda,Saudi Abdul L. Jameel League (1),350,67,67,69,68,4400000,5,3,30,28.3,25.8
113217,Damac FC,Saudi Abdul L. Jameel League (1),350,64,63,61,67,1700000,1,1,30,28.8,27.0
112096,Ettifaq FC,Saudi Abdul L. Jameel League (1),350,66,64,69,63,3400000,6,3,30,27.7,25.9
77,Aberdeen,Scottish Premiership (1),50,67,67,68,67,2300000,7,2,27,26.4,25.7
78,Celtic,Scottish Premiership (1),50,74,73,75,73,14600000,10,4,28,25.1,24.5
181,Dundee United,Scottish Premiership (1),50,64,65,63,64,800000,5,1,28,25.6,23.9
184,Hamilton Academical FC,Scottish Premiership (1),50,60,59,60,62,500000,1,1,26,24.6,23.1
81,Hibernian,Scottish Premiership (1),50,66,65,66,65,3000000,7,1,24,26.2,26.0
82,Kilmarnock,Scottish Premiership (1),50,66,66,67,63,1500000,6,1,26,28.2,25.8
621,Livingston FC,Scottish Premiership (1),50,64,64,64,66,650000,3,1,27,26.2,26.4
83,Motherwell,Scottish Premiership (1),50,66,65,66,65,900000,5,1,27,26.1,24.7
86,Rangers FC,Scottish Premiership (1),50,72,72,71,73,8300000,9,3,28,26.9,26.3
631,Ross County FC,Scottish Premiership (1),50,62,64,62,61,600000,2,1,26,26.3,25.6
100804,St. Johnstone FC,Scottish Premiership (1),50,64,64,65,63,700000,5,1,19,25.4,26.9
100805,St. Mirren,Scottish Premiership (1),50,63,64,62,64,750000,2,1,23,26.0,24.8
110929,Kaizer Chiefs,South African Premier Division (1),347,69,69,69,67,2200000,9,6,28,29.0,26.8
110930,Orlando Pirates,South African Premier Division (1),347,68,69,67,69,2600000,10,5,28,28.9,27.8
100831,AD Alcorcón,Spanish Segunda División (2),54,68,70,68,68,1600000,6,1,27,29.2,25.2
1854,Albacete BP,Spanish Segunda División (2),54,68,69,67,68,1500000,4,1,28,28.3,25.7
100852,C.D. Castellón,Spanish Segunda División (2),54,66,66,66,65,1600000,3,1,30,27.4,26.3
100888,CD Leganés,Spanish Segunda División (2),54,73,72,72,73,4200000,9,1,30,28.9,26.1
110831,CD Lugo,Spanish Segunda División (2),54,68,67,68,68,1600000,5,1,30,29.0,26.1
110069,CD Mirandés,Spanish Segunda División (2),54,66,63,63,66,1500000,4,1,30,23.6,22.7
260,CD Tenerife,Spanish Segunda División (2),54,70,70,70,70,2000000,7,1,30,26.4,25.3
15021,CE Sabadell FC,Spanish Segunda División (2),54,66,66,66,65,1600000,3,1,30,27.3,26.4
110065,CF Fuenlabrada,Spanish Segunda División (2),54,67,69,67,68,1500000,2,1,26,27.4,24.9
100851,FC Cartagena,Spanish Segunda División (2),54,68,70,67,67,1800000,3,1,30,28.6,25.9
110062,Girona FC,Spanish Segunda División (2),54,71,76,69,71,4300000,4,1,27,28.3,23.7
573,Málaga CF,Spanish Segunda División (2),54,68,69,67,67,9900000,10,2,30,27.1,23.6
452,RCD Espanyol,Spanish Segunda División (2),54,75,76,76,74,6000000,5,2,29,28.4,24.4
453,RCD Mallorca,Spanish Segunda División (2),54,72,72,74,72,2800000,3,1,30,27.2,25.4
480,Rayo Vallecano,Spanish Segunda División (2),54,70,70,70,69,3300000,2,1,28,27.3,25.1
110827,Real Oviedo,Spanish Segunda División (2),54,68,68,69,68,2000000,8,1,30,26.6,24.8
459,Real Sporting de Gijón,Spanish Segunda División (2),54,69,68,70,69,4800000,8,1,28,27.3,24.3
244,Real Zaragoza,Spanish Segunda División (2),54,70,69,66,71,2700000,8,1,28,26.2,24.7
2023,SD Ponferradina,Spanish Segunda División (2),54,68,69,67,67,2000000,6,1,30,26.4,24.4
1861,UD Almería,Spanish Segunda División (2),54,71,70,70,71,10800000,4,1,29,25.6,23.4
472,UD Las Palmas,Spanish Segunda División (2),54,69,69,67,69,6600000,9,1,30,25.6,25.0
476,UD Logroñés,Spanish Segunda División (2),54,67,67,66,67,1700000,3,1,28,28.6,25.5
433,AIK,Swedish Allsvenskan (1),56,68,67,69,67,4400000,9,2,27,28.4,27.3
711,BK Häcken,Swedish Allsvenskan (1),56,66,65,65,66,3700000,7,1,23,27.0,26.4
710,Djurgårdens IF,Swedish Allsvenskan (1),56,68,65,69,69,4400000,9,1,25,27.6,25.7
112169,Falkenbergs FF,Swedish Allsvenskan (1),56,62,62,62,62,550000,2,1,27,27.1,25.3
708,Hammarby IF,Swedish Allsvenskan (1),56,67,67,69,67,4300000,8,1,24,28.1,25.9
432,Helsingborgs IF,Swedish Allsvenskan (1),56,65,64,64,66,2200000,2,1,27,27.7,25.9
700,IF Elfsborg,Swedish Allsvenskan (1),56,66,65,66,66,2900000,6,1,22,24.7,23.9
319,IFK Göteborg,Swedish Allsvenskan (1),56,67,63,68,67,2400000,7,1,27,25.7,24.7
702,IFK Norrköping,Swedish Allsvenskan (1),56,67,68,67,65,4700000,8,1,26,23.8,23.6
113458,IK Sirius,Swedish Allsvenskan (1),56,64,66,64,64,600000,3,1,24,25.4,25.3
1439,Kalmar FF,Swedish Allsvenskan (1),56,63,63,63,63,1600000,3,1,26,27.0,25.3
320,Malmö FF,Swedish Allsvenskan (1),56,70,73,70,68,8100000,10,4,25,28.4,26.8
112072,Mjällby AIF,Swedish Allsvenskan (1),56,62,65,62,62,850000,1,1,25,26.0,24.9
113743,Varbergs BoIS,Swedish Allsvenskan (1),56,61,65,62,61,650000,1,1,27,25.8,23.7
705,Örebro SK,Swedish Allsvenskan (1),56,64,64,64,63,2000000,5,1,26,28.2,25.4
113173,Östersunds FK,Swedish Allsvenskan (1),56,63,61,63,62,1700000,6,2,26,23.9,23.7
900,BSC Young Boys,Swiss Super League (1),189,72,71,72,71,7900000,9,5,27,24.8,24.3
896,FC Basel 1893,Swiss Super League (1),189,72,74,70,73,8500000,9,6,27,26.0,23.8
1862,FC Lausanne-Sport,Swiss Super League (1),189,64,63,64,63,5000000,6,2,27,25.9,23.2
10032,FC Lugano,Swiss Super League (1),189,65,65,66,65,1900000,3,2,25,27.4,24.4
897,FC Luzern,Swiss Super League (1),189,67,68,66,67,3600000,5,3,27,25.8,23.4
110770,FC Sion,Swiss Super League (1),189,66,65,67,65,6600000,7,3,27,27.9,24.4
898,FC St. Gallen,Swiss Super League (1),189,66,65,67,65,4600000,6,4,27,23.9,22.9
286,FC Vaduz,Swiss Super League (1),189,62,63,63,62,1800000,2,2,25,26.6,24.4
894,FC Zürich,Swiss Super League (1),189,65,62,67,62,3500000,6,3,27,24.4,24.5
324,Servette FC,Swiss Super League (1),189,65,65,66,65,3600000,5,3,27,26.2,23.8
113142,Alanyaspor,Turkish Süper Lig (1),68,71,69,71,72,3200000,2,1,26,28.3,26.4
741,Antalyaspor,Turkish Süper Lig (1),68,71,71,72,70,6600000,5,3,27,29.6,27.1
101033,Atiker Konyaspor,Turkish Süper Lig (1),68,70,68,70,69,5200000,6,3,28,28.4,27.2
749,BB Erzurumspor,Turkish Süper Lig (1),68,68,69,68,68,1700000,1,1,26,29.8,28.9
327,Beşiktaş JK,Turkish Süper Lig (1),68,75,74,74,73,26500000,10,7,30,27.4,25.6
1457,Denizlispor,Turkish Süper Lig (1),68,70,75,69,70,2800000,4,2,26,29.7,26.9
111117,Fatih Karagümrük S.K.,Turkish Süper Lig (1),68,70,71,69,70,1500000,1,1,30,28.6,26.4
326,Fenerbahçe SK,Turkish Süper Lig (1),68,75,74,73,77,26500000,9,6,30,28.6,27.0
325,Galatasaray SK,Turkish Süper Lig (1),68,76,77,74,75,25100000,10,7,28,28.2,26.8
110776,Gazişehir Gaziantep F.K.,Turkish Süper Lig (1),68,70,69,71,70,3800000,3,1,29,30.0,27.3
101025,Gençlerbirliği SK,Turkish Süper Lig (1),68,70,73,70,70,3500000,6,3,24,29.4,27.5
101026,Göztepe SK,Turkish Süper Lig (1),68,69,71,71,67,3700000,4,1,25,27.9,26.4
101028,Hatayspor,Turkish Süper Lig (1),68,68,67,69,65,1900000,2,1,30,30.2,27.2
111339,Kasimpaşa SK,Turkish Süper Lig (1),68,70,71,69,70,4099999,4,3,27,26.8,25.6
101020,Kayserispor,Turkish Süper Lig (1),68,71,69,69,67,2300000,4,2,30,29.1,26.2
101007,MKE Ankaragücü,Turkish Süper Lig (1),68,70,70,70,71,2900000,6,3,29,27.6,25.0
101014,Medipol Başakşehir FK,Turkish Süper Lig (1),68,76,75,76,76,13200000,8,5,30,30.2,27.6
101041,Sivasspor,Turkish Süper Lig (1),68,72,71,73,71,4000000,5,2,26,30.8,29.0
436,Trabzonspor,Turkish Süper Lig (1),68,72,73,71,72,13800000,6,5,30,25.9,24.4
113259,Yeni Malatyaspor,Turkish Süper Lig (1),68,71,69,71,69,3400000,2,1,30,28.4,26.6
101037,Çaykur Rizespor,Turkish Süper Lig (1),68,71,73,71,71,2500000,3,2,30,27.8,27.0
111701,Al Ain FC,UAE Arabian Gulf League (1),2013,68,74,68,66,13900000,9,6,28,28.3,26.4
112885,Atlanta United,USA Major League Soccer (1),39,70,68,69,67,38300000,9,4,28,25.4,25.2
693,Chicago Fire,USA Major League Soccer (1),39,69,72,70,64,27900000,5,1,25,25.4,26.1
694,Colorado Rapids,USA Major League Soccer (1),39,68,69,69,67,17600000,4,1,25,25.6,25.8
687,Columbus Crew SC,USA Major League Soccer (1),39,71,70,72,69,18400000,6,2,29,28.1,26.7
688,DC United,USA Major League Soccer (1),39,70,70,70,66,27500000,5,3,26,27.6,26.9
113149,FC Cincinnati,USA Major League Soccer (1),39,68,71,68,67,24300000,1,1,25,28.4,26.5
695,FC Dallas,USA Major League Soccer (1),39,69,70,71,67,19800000,6,2,26,28.4,24.4
698,Houston Dynamo,USA Major League Soccer (1),39,68,70,68,68,23900000,6,2,29,27.6,25.7
112893,Inter Miami,USA Major League Soccer (1),39,71,75,71,68,30000000,3,3,28,27.9,25.5
697,LA Galaxy,USA Major League Soccer (1),39,69,77,69,67,37100000,9,6,27,27.4,25.0
112996,Los Angeles FC,USA Major League Soccer (1),39,70,75,69,68,36800000,8,2,24,24.6,25.0
111138,Minnesota United FC,USA Major League Soccer (1),39,69,73,70,69,25400000,3,1,27,28.4,27.1
111139,Montreal Impact,USA Major League Soccer (1),39,68,70,70,66,19100000,4,4,27,25.4,24.8
114162,Nashville SC,USA Major League Soccer (1),39,68,66,67,67,18400000,2,2,27,27.9,26.1
691,New England Revolution,USA Major League Soccer (1),39,69,68,68,66,21600000,5,3,26,26.6,27.2
112828,New York City FC,USA Major League Soccer (1),39,70,69,70,71,31300000,10,5,26,26.9,24.9
689,New York Red Bulls,USA Major League Soccer (1),39,69,68,69,69,24700000,8,4,27,25.6,24.1
112606,Orlando City SC,USA Major League Soccer (1),39,69,69,69,67,25000000,6,5,27,26.6,25.3
112134,Philadelphia Union,USA Major League Soccer (1),39,69,69,69,67,21300000,4,1,26,25.1,25.2
111140,Portland Timbers,USA Major League Soccer (1),39,71,71,73,69,31600000,7,3,28,29.4,26.6
111065,Real Salt Lake,USA Major League Soccer (1),39,68,69,68,67,20900000,6,4,30,27.6,26.2
111928,San Jose Earthquakes,USA Major League Soccer (1),39,68,67,70,66,23600000,4,2,27,26.4,25.7
111144,Seattle Sounders FC,USA Major League Soccer (1),39,71,72,73,70,32500000,8,4,27,27.9,25.7
696,Sporting Kansas City,USA Major League Soccer (1),39,70,70,68,70,27200000,7,2,27,28.0,26.4
111651,Toronto FC,USA Major League Soccer (1),39,70,74,72,69,31900000,7,4,28,29.6,25.8
101112,Vancouver Whitecaps FC,USA Major League Soccer (1),39,67,72,67,66,19500000,5,2,29,24.9,24.0
101047,Dynamo Kyiv,Ukrainian Premier League (1),332,74,70,74,72,12800000,10,6,28,23.3,23.9
101059,Shakhtar Donetsk,Ukrainian Premier League (1),332,75,79,76,74,16800000,10,7,28,27.9,25.5
111002,Centro Atlético Fénix,Uruguayan Primera División (1),338,65,61,64,65,1600000,2,1,30,26.3,25.0
114024,Club Plaza Colonia,Uruguayan Primera División (1),338,64,64,63,66,1400000,1,1,28,26.4,24.3
111326,Liverpool Fútbol Club,Uruguayan Primera División (1),338,65,64,64,64,2300000,10,1,29,24.2,23.2
111325,Nacional de Montevideo,Uruguayan Primera División (1),338,72,71,72,66,5400000,10,6,30,22.0,24.0
101110,Peñarol,Uruguayan Primera División (1),338,71,69,69,69,4900000,9,6,30,25.8,26.5
112184,River Plate Montevideo,Uruguayan Primera División (1),338,65,65,63,63,1600000,2,1,30,28.2,25.2
110992,AC Mineros de Guayana,Venezuelan Primera División (1),2019,63,63,63,61,1300000,10,1,25,29.7,29.0
112916,Aragua FC,Venezuelan Primera División (1),2019,62,60,62,62,1400000,1,1,21,27.1,25.4
110989,Caracas FC,Venezuelan Primera División (1),2019,63,63,65,62,500000,6,5,30,24.8,22.7
111332,Estudiantes de Mérida,Venezuelan Primera División (1),2019,63,63,64,61,1700000,2,2,30,27.8,24.3
114623,Llaneros de Guanare,Venezuelan Primera División (1),2019,59,54,59,59,730000,1,1,20,25.3,24.2
112912,Zamora FC,Venezuelan Primera División (1),2019,60,59,60,60,1400000,3,1,28,25.7,24.4
